{
  "train_loss": [
    0.9236549586057663,
    0.5766559988260269,
    0.21018356084823608,
    0.006716840948683966,
    2.6077017878378683e-07,
    0.0,
    0.0,
    0.0,
    0.0,
    7.450580152834618e-09,
    0.0,
    0.0,
    2.2351738238057806e-08,
    0.0,
    1.0803254255620232e-06,
    0.0,
    0.0,
    0.0,
    0.0,
    0.0
  ],
  "val_loss": [
    0.6380655169487,
    0.33486318588256836,
    0.017966246232390404,
    2.3841852225814364e-07,
    0.0,
    0.0,
    0.0,
    0.0,
    0.0,
    0.0,
    0.0,
    0.0,
    0.0,
    0.0,
    0.0,
    0.0,
    0.0,
    0.0,
    0.0,
    0.0
  ],
  "val_accuracy": [
    0.5,
    1.0,
    1.0,
    1.0,
    1.0,
    1.0,
    1.0,
    1.0,
    1.0,
    1.0,
    1.0,
    1.0,
    1.0,
    1.0,
    1.0,
    1.0,
    1.0,
    1.0,
    1.0,
    1.0
  ],
  "val_varicose_recall": [
    1.0,
    1.0,
    1.0,
    1.0,
    1.0,
    1.0,
    1.0,
    1.0,
    1.0,
    1.0,
    1.0,
    1.0,
    1.0,
    1.0,
    1.0,
    1.0,
    1.0,
    1.0,
    1.0,
    1.0
  ]
}